Dist,Fairway,Rough,Sand,Recovery,Green,Tee
0,0.0,0.0,0.0,0.0,0.0,0.0
1,,,,,1.01,
2,,,,,1.025,
3,,,,,1.04,
4,2.42,2.5,2.5,,1.13,
5,2.42,2.5,2.5,,1.23,
6,2.42,2.5,2.5,,1.34,
7,2.42,2.5,2.5,,1.42,
8,2.42,2.5,2.5,,1.5,
9,2.42,2.5,2.5,,1.555,
10,2.42,2.5,2.5,3.45,1.61,
11,2.42,2.5,2.5,3.456,1.644,
12,2.42,2.5,2.5,3.462,1.678,
13,2.42,2.5,2.5,3.468,1.712,
14,2.42,2.5,2.5,3.474,1.746,
15,2.42,2.5,2.528,3.48,1.772,
16,2.42,2.5,2.556,3.486,1.798,
17,2.422,2.5,2.584,3.492,1.816,
18,2.424,2.5,2.612,3.498,1.834,
19,2.426,2.5,2.64,3.504,1.852,
20,2.428,2.512,2.58,3.51,1.87,
21,2.43,2.525,2.52,3.516,1.882,
22,2.44,2.538,2.535,3.522,1.894,
23,2.45,2.55,2.55,3.528,1.905,
24,2.46,2.564,2.565,3.534,1.916,
25,2.47,2.579,2.58,3.54,1.927,
26,2.48,2.593,2.595,3.546,1.938,
27,2.489,2.608,2.61,3.552,1.949,
28,2.498,2.622,2.615,3.558,1.96,
29,2.507,2.637,2.62,3.564,1.97,
30,2.516,2.651,2.624,3.57,1.98,
31,2.525,2.666,2.629,3.584,1.988,
32,2.535,2.68,2.634,3.598,1.996,
33,2.544,2.696,2.639,3.612,2.004,
34,2.553,2.712,2.643,3.626,2.012,
35,2.562,2.728,2.648,3.64,2.02,
36,2.571,2.744,2.653,3.654,2.028,
37,2.58,2.76,2.658,3.668,2.036,
38,2.587,2.766,2.662,3.682,2.044,
39,2.595,2.771,2.667,3.696,2.052,
40,2.602,2.777,2.672,3.71,2.06,
41,2.609,2.782,2.677,3.718,2.068,
42,2.616,2.788,2.682,3.726,2.075,
43,2.624,2.793,2.686,3.734,2.082,
44,2.631,2.799,2.691,3.742,2.09,
45,2.638,2.804,2.696,3.75,2.098,
46,2.645,2.81,2.701,3.758,2.105,
47,2.653,2.816,2.705,3.766,2.112,
48,2.66,2.821,2.71,3.774,2.12,
49,2.667,2.827,2.715,3.782,2.128,
50,2.675,2.833,2.72,3.79,2.135,
51,2.682,2.839,2.725,3.794,2.142,
52,2.689,2.844,2.729,3.798,2.15,
53,2.696,2.85,2.734,3.802,2.158,
54,2.704,2.858,2.739,3.806,2.165,
55,2.711,2.867,2.744,3.81,2.172,
56,2.718,2.875,2.748,3.814,2.18,
57,2.725,2.883,2.753,3.818,2.188,
58,2.733,2.892,2.758,3.822,2.195,
59,2.74,2.9,2.763,3.826,2.202,
60,2.742,2.908,2.767,3.83,2.21,
61,2.745,2.917,2.772,3.831,2.217,
62,2.747,2.925,2.777,3.832,2.224,
63,2.749,2.933,2.782,3.833,2.231,
64,2.751,2.942,2.787,3.834,2.238,
65,2.754,2.95,2.791,3.835,2.245,
66,2.756,2.952,2.796,3.836,2.252,
67,2.758,2.955,2.801,3.837,2.259,
68,2.76,2.957,2.806,3.838,2.266,
69,2.763,2.959,2.81,3.839,2.273,
70,2.765,2.961,2.815,3.84,2.28,
71,2.767,2.964,2.82,3.84,2.286,
72,2.769,2.966,2.825,3.84,2.292,
73,2.772,2.968,2.829,3.84,2.298,
74,2.774,2.971,2.834,3.84,2.304,
75,2.776,2.973,2.839,3.84,2.31,
76,2.778,2.975,2.844,3.84,2.316,
77,2.781,2.978,2.849,3.84,2.322,
78,2.783,2.98,2.853,3.84,2.328,
79,2.785,2.982,2.858,3.84,2.334,
80,2.787,2.984,2.863,3.84,2.34,3.05
81,2.79,2.987,2.868,3.838,,3.05
82,2.792,2.989,2.872,3.836,,3.05
83,2.794,2.991,2.877,3.834,,3.05
84,2.796,2.994,2.882,3.832,,3.05
85,2.799,2.996,2.887,3.83,,3.05
86,2.801,2.998,2.892,3.828,,3.05
87,2.803,3.0,2.896,3.826,,3.05
88,2.805,3.003,2.901,3.824,,3.05
89,2.808,3.005,2.906,3.822,,3.05
90,2.81,3.007,2.911,3.82,,3.05
91,2.812,3.01,2.915,3.818,,3.05
92,2.814,3.012,2.92,3.816,,3.05
93,2.816,3.014,2.925,3.814,,3.05
94,2.818,3.016,2.93,3.812,,3.05
95,2.82,3.019,2.934,3.81,,3.05
96,2.82,3.021,2.939,3.808,,3.05
97,2.82,3.023,2.944,3.806,,3.05
98,2.82,3.026,2.949,3.804,,3.05
99,2.82,3.028,2.954,3.802,,3.05
100,2.82,3.03,2.958,3.8,,3.05
101,2.824,3.032,2.963,3.8,,3.044
102,2.828,3.035,2.968,3.8,,3.038
103,2.832,3.037,2.973,3.8,,3.032
104,2.836,3.039,2.977,3.8,,3.026
105,2.84,3.042,2.982,3.8,,3.02
106,2.844,3.044,2.987,3.8,,3.015
107,2.848,3.046,2.992,3.8,,3.009
108,2.852,3.049,2.996,3.8,,3.003
109,2.856,3.051,3.001,3.8,,2.997
110,2.86,3.053,3.006,3.8,,2.991
111,2.864,3.055,3.011,3.8,,2.985
112,2.868,3.058,3.016,3.8,,2.979
113,2.872,3.06,3.02,3.8,,2.973
114,2.876,3.064,3.025,3.8,,2.967
115,2.88,3.067,3.03,3.8,,2.961
116,2.884,3.071,3.035,3.8,,2.955
117,2.888,3.074,3.039,3.8,,2.95
118,2.892,3.078,3.044,3.8,,2.944
119,2.896,3.081,3.049,3.8,,2.938
120,2.9,3.085,3.054,3.8,,2.932
121,2.903,3.088,3.058,3.8,,2.926
122,2.906,3.092,3.063,3.8,,2.92
123,2.909,3.095,3.068,3.8,,2.919
124,2.912,3.099,3.073,3.8,,2.918
125,2.915,3.102,3.078,3.8,,2.918
126,2.918,3.106,3.082,3.8,,2.917
127,2.921,3.109,3.087,3.8,,2.916
128,2.924,3.113,3.092,3.8,,2.915
129,2.927,3.116,3.097,3.8,,2.915
130,2.93,3.12,3.101,3.8,,2.914
131,2.933,3.124,3.106,3.8,,2.913
132,2.936,3.129,3.111,3.8,,2.912
133,2.939,3.133,3.116,3.8,,2.912
134,2.942,3.138,3.121,3.8,,2.911
135,2.945,3.142,3.125,3.8,,2.91
136,2.948,3.147,3.13,3.8,,2.91
137,2.951,3.151,3.135,3.8,,2.91
138,2.954,3.156,3.14,3.8,,2.91
139,2.957,3.16,3.144,3.8,,2.91
140,2.96,3.164,3.149,3.8,,2.91
141,2.964,3.169,3.154,3.8,,2.92
142,2.969,3.173,3.159,3.801,,2.93
143,2.974,3.178,3.163,3.802,,2.94
144,2.978,3.182,3.168,3.802,,2.947
145,2.982,3.187,3.173,3.802,,2.953
146,2.987,3.191,3.178,3.803,,2.96
147,2.992,3.196,3.183,3.804,,2.97
148,2.996,3.2,3.187,3.804,,2.976
149,3.0,3.204,3.192,3.804,,2.982
150,3.005,3.208,3.197,3.805,,2.988
151,3.01,3.212,3.202,3.806,,2.994
152,3.014,3.216,3.206,3.806,,3.001
153,3.018,3.22,3.211,3.806,,3.007
154,3.023,3.224,3.216,3.807,,3.013
155,3.028,3.228,3.221,3.808,,3.019
156,3.032,3.232,3.225,3.808,,3.025
157,3.036,3.236,3.23,3.808,,3.031
158,3.041,3.24,3.235,3.809,,3.037
159,3.045,3.244,3.24,3.81,,3.043
160,3.05,3.248,3.245,3.81,,3.049
161,3.054,3.252,3.249,3.81,,3.056
162,3.058,3.256,3.254,3.811,,3.062
163,3.062,3.26,3.259,3.812,,3.068
164,3.066,3.265,3.264,3.812,,3.074
165,3.07,3.27,3.268,3.812,,3.08
166,3.074,3.275,3.273,3.813,,3.08
167,3.078,3.28,3.278,3.814,,3.08
168,3.082,3.285,3.283,3.814,,3.08
169,3.086,3.29,3.288,3.814,,3.08
170,3.09,3.295,3.292,3.815,,3.08
171,3.094,3.3,3.297,3.816,,3.08
172,3.098,3.305,3.302,3.816,,3.08
173,3.102,3.31,3.307,3.816,,3.082
174,3.106,3.315,3.311,3.817,,3.083
175,3.11,3.32,3.316,3.818,,3.085
176,3.114,3.325,3.321,3.818,,3.086
177,3.118,3.33,3.326,3.818,,3.088
178,3.122,3.335,3.33,3.819,,3.089
179,3.126,3.34,3.335,3.819,,3.091
180,3.13,3.346,3.34,3.82,,3.093
181,3.138,3.352,3.347,3.822,,3.094
182,3.147,3.358,3.355,3.825,,3.096
183,3.156,3.364,3.362,3.827,,3.097
184,3.164,3.369,3.37,3.83,,3.099
185,3.172,3.375,3.377,3.832,,3.101
186,3.181,3.381,3.385,3.835,,3.102
187,3.19,3.387,3.392,3.838,,3.104
188,3.198,3.393,3.399,3.84,,3.105
189,3.206,3.399,3.407,3.842,,3.107
190,3.215,3.405,3.414,3.845,,3.108
191,3.224,3.411,3.422,3.848,,3.11
192,3.232,3.416,3.429,3.85,,3.12
193,3.24,3.422,3.436,3.852,,3.12
194,3.249,3.428,3.444,3.855,,3.12
195,3.258,3.434,3.451,3.858,,3.122
196,3.266,3.44,3.459,3.86,,3.125
197,3.274,3.446,3.466,3.863,,3.128
198,3.283,3.452,3.474,3.865,,3.13
199,3.291,3.458,3.481,3.868,,3.134
200,3.3,3.464,3.488,3.87,,3.138
201,3.307,3.469,3.496,3.872,,3.142
202,3.315,3.475,3.503,3.875,,3.146
203,3.322,3.481,3.511,3.878,,3.151
204,3.33,3.487,3.518,3.88,,3.155
205,3.338,3.493,3.525,3.883,,3.159
206,3.345,3.499,3.533,3.885,,3.163
207,3.352,3.505,3.54,3.888,,3.167
208,3.36,3.511,3.548,3.89,,3.171
209,3.368,3.516,3.555,3.892,,3.175
210,3.375,3.522,3.563,3.895,,3.179
211,3.382,3.528,3.57,3.898,,3.184
212,3.39,3.534,3.574,3.9,,3.188
213,3.398,3.54,3.578,3.902,,3.192
214,3.405,3.546,3.583,3.905,,3.196
215,3.412,3.552,3.587,3.907,,3.2
216,3.42,3.558,3.591,3.91,,3.203
217,3.428,3.564,3.595,3.912,,3.207
218,3.435,3.569,3.599,3.915,,3.21
219,3.443,3.575,3.604,3.918,,3.213
220,3.45,3.581,3.608,3.92,,3.217
221,3.453,3.587,3.612,3.922,,3.22
222,3.457,3.593,3.616,3.925,,3.223
223,3.46,3.599,3.621,3.927,,3.227
224,3.463,3.605,3.625,3.93,,3.23
225,3.467,3.611,3.629,3.932,,3.233
226,3.47,3.616,3.633,3.935,,3.237
227,3.473,3.622,3.637,3.938,,3.24
228,3.477,3.628,3.642,3.94,,3.246
229,3.48,3.634,3.646,3.942,,3.253
230,3.485,3.64,3.65,3.945,,3.259
231,3.489,3.646,3.654,3.948,,3.265
232,3.494,3.652,3.658,3.95,,3.271
233,3.498,3.658,3.663,3.952,,3.278
234,3.503,3.664,3.667,3.955,,3.284
235,3.507,3.669,3.671,3.958,,3.29
236,3.512,3.675,3.675,3.96,,3.297
237,3.516,3.681,3.679,3.963,,3.303
238,3.521,3.687,3.684,3.965,,3.309
239,3.525,3.693,3.688,3.968,,3.316
240,3.53,3.699,3.692,3.97,,3.322
241,3.535,3.705,3.696,3.973,,3.328
242,3.539,3.711,3.701,3.976,,3.334
243,3.544,3.716,3.705,3.979,,3.341
244,3.548,3.722,3.709,3.982,,3.347
245,3.553,3.728,3.713,3.985,,3.353
246,3.557,3.734,3.717,3.988,,3.36
247,3.562,3.74,3.722,3.991,,3.366
248,3.566,3.74,3.726,3.994,,3.372
249,3.571,3.74,3.73,3.997,,3.379
250,3.575,3.74,3.734,4.0,,3.385
251,3.58,3.74,3.738,4.003,,3.391
252,3.586,3.74,3.743,4.006,,3.397
253,3.591,3.74,3.747,4.009,,3.404
254,3.597,3.74,3.751,4.012,,3.41
255,3.603,3.74,3.755,4.015,,3.42
256,3.609,3.74,3.759,4.018,,3.43
257,3.614,3.74,3.764,4.021,,3.44
258,3.62,3.74,3.768,4.024,,3.45
259,3.628,3.74,3.772,4.027,,3.46
260,3.635,3.74,3.776,4.03,,3.47
261,3.642,3.74,3.781,4.034,,3.48
262,3.65,3.74,3.785,4.037,,3.49
263,3.657,3.74,3.789,4.04,,3.5
264,3.664,3.74,3.793,4.044,,3.51
265,3.671,3.74,3.797,4.048,,3.52
266,3.679,3.74,3.802,4.051,,3.53
267,3.686,3.74,3.806,4.054,,3.54
268,3.693,3.74,3.81,4.058,,3.55
269,3.7,3.74,3.81,4.061,,3.56
270,3.7,3.74,3.81,4.065,,3.57
271,3.7,3.74,3.81,4.068,,3.58
272,3.7,3.74,3.81,4.072,,3.59
273,3.7,3.74,3.81,4.076,,3.6
274,3.7,3.74,3.81,4.079,,3.61
275,3.7,3.74,3.81,4.082,,3.62
276,3.7,3.74,3.81,4.086,,3.625
277,3.7,3.74,3.81,4.09,,3.63
278,3.7,3.74,3.81,4.093,,3.634
279,3.7,3.74,3.81,4.096,,3.639
280,3.7,3.74,3.81,4.1,,3.644
281,3.7,3.74,3.81,4.105,,3.649
282,3.7,3.74,3.81,4.11,,3.653
283,3.7,3.74,3.81,4.115,,3.658
284,3.7,3.74,3.81,4.12,,3.663
285,3.7,3.74,3.81,4.125,,3.668
286,3.7,3.74,3.81,4.13,,3.673
287,3.7,3.74,3.81,4.135,,3.677
288,3.7,3.74,3.81,4.14,,3.682
289,3.7,3.74,3.81,4.145,,3.687
290,3.7,3.74,3.81,4.15,,3.692
291,3.7,3.74,3.81,4.155,,3.697
292,3.7,3.74,3.81,4.16,,3.701
293,3.7,3.74,3.81,4.165,,3.706
294,3.7,3.74,3.81,4.17,,3.711
295,3.7,3.74,3.81,4.175,,3.716
296,3.7,3.74,3.81,4.18,,3.72
297,3.7,3.74,3.81,4.185,,3.725
298,3.7,3.74,3.81,4.19,,3.73
299,3.7,3.74,3.81,4.195,,3.735
300,3.7,3.74,3.81,4.2,,3.74
301,3.7,3.74,3.81,4.206,,3.743
302,3.7,3.74,3.81,4.211,,3.747
303,3.7,3.74,3.81,4.216,,3.75
304,3.7,3.74,3.81,4.222,,3.755
305,3.7,3.74,3.81,4.228,,3.76
306,3.7,3.74,3.81,4.233,,3.765
307,3.7,3.74,3.81,4.238,,3.77
308,3.7,3.74,3.81,4.244,,3.775
309,3.7,3.74,3.81,4.25,,3.78
310,3.7,3.74,3.81,4.255,,3.785
311,3.7,3.74,3.81,4.26,,3.79
312,3.7,3.74,3.81,4.266,,3.795
313,3.7,3.74,3.81,4.272,,3.8
314,3.7,3.74,3.81,4.277,,3.805
315,3.7,3.74,3.81,4.282,,3.81
316,3.7,3.74,3.81,4.288,,3.815
317,3.7,3.74,3.81,4.294,,3.82
318,3.7,3.74,3.81,4.299,,3.825
319,3.7,3.74,3.81,4.304,,3.83
320,3.7,3.74,3.81,4.31,,3.833
321,3.7,3.74,3.81,4.316,,3.835
322,3.7,3.74,3.81,4.323,,3.838
323,3.7,3.74,3.81,4.329,,3.841
324,3.7,3.74,3.81,4.336,,3.844
325,3.7,3.74,3.81,4.342,,3.846
326,3.7,3.74,3.81,4.349,,3.849
327,3.7,3.74,3.81,4.356,,3.852
328,3.7,3.74,3.81,4.362,,3.855
329,3.7,3.74,3.81,4.368,,3.857
330,3.7,3.74,3.81,4.375,,3.86
331,3.7,3.74,3.81,4.382,,3.86
332,3.7,3.74,3.81,4.388,,3.86
333,3.7,3.74,3.81,4.394,,3.865
334,3.7,3.74,3.81,4.401,,3.87
335,3.7,3.74,3.81,4.408,,3.872
336,3.7,3.74,3.81,4.414,,3.875
337,3.7,3.74,3.81,4.421,,3.878
338,3.7,3.74,3.81,4.427,,3.88
339,3.7,3.74,3.81,4.434,,3.88
340,3.7,3.74,3.81,4.44,,3.88
341,3.7,3.74,3.81,4.446,,3.885
342,3.7,3.74,3.81,4.452,,3.89
343,3.7,3.74,3.81,4.458,,3.897
344,3.7,3.74,3.81,4.464,,3.903
345,3.7,3.74,3.81,4.47,,3.91
346,3.7,3.74,3.81,4.476,,3.918
347,3.7,3.74,3.81,4.482,,3.925
348,3.7,3.74,3.81,4.488,,3.932
349,3.7,3.74,3.81,4.494,,3.94
350,3.7,3.74,3.81,4.5,,3.945
351,3.7,3.74,3.81,4.506,,3.95
352,3.7,3.74,3.81,4.512,,3.955
353,3.7,3.74,3.81,4.518,,3.96
354,3.7,3.74,3.81,4.524,,3.97
355,3.7,3.74,3.81,4.53,,3.98
356,3.7,3.74,3.81,4.536,,3.985
357,3.7,3.74,3.81,4.542,,3.99
358,3.7,3.74,3.81,4.548,,3.997
359,3.7,3.74,3.81,4.554,,4.003
360,3.7,3.74,3.81,4.56,,4.01
361,3.7,3.74,3.81,4.565,,4.012
362,3.7,3.74,3.81,4.57,,4.014
363,3.7,3.74,3.81,4.575,,4.016
364,3.7,3.74,3.81,4.58,,4.018
365,3.7,3.74,3.81,4.585,,4.02
366,3.7,3.74,3.81,4.59,,4.02
367,3.7,3.74,3.81,4.595,,4.02
368,3.7,3.74,3.81,4.6,,4.02
369,3.7,3.74,3.81,4.605,,4.02
370,3.7,3.74,3.81,4.61,,4.02
371,3.7,3.74,3.81,4.615,,4.022
372,3.7,3.74,3.81,4.62,,4.023
373,3.7,3.74,3.81,4.625,,4.025
374,3.7,3.74,3.81,4.63,,4.027
375,3.7,3.74,3.81,4.635,,4.028
376,3.7,3.74,3.81,4.64,,4.03
377,3.7,3.74,3.81,4.645,,4.03
378,3.7,3.74,3.81,4.65,,4.03
379,3.7,3.74,3.81,4.655,,4.032
380,3.7,3.74,3.81,4.66,,4.033
381,3.7,3.74,3.81,4.664,,4.035
382,3.7,3.74,3.81,4.669,,4.037
383,3.7,3.74,3.81,4.674,,4.038
384,3.7,3.74,3.81,4.678,,4.04
385,3.7,3.74,3.81,4.682,,4.04
386,3.7,3.74,3.81,4.687,,4.04
387,3.7,3.74,3.81,4.692,,4.04
388,3.7,3.74,3.81,4.696,,4.04
389,3.7,3.74,3.81,4.7,,4.04
390,3.7,3.74,3.81,4.705,,4.05
391,3.7,3.74,3.81,4.71,,4.05
392,3.7,3.74,3.81,4.714,,4.05
393,3.7,3.74,3.81,4.718,,4.05
394,3.7,3.74,3.81,4.723,,4.052
395,3.7,3.74,3.81,4.728,,4.054
396,3.7,3.74,3.81,4.732,,4.056
397,3.7,3.74,3.81,4.736,,4.058
398,3.7,3.74,3.81,4.741,,4.06
399,3.7,3.74,3.81,4.746,,4.06
400,3.7,3.74,3.81,4.75,,4.06
401,3.7,3.74,3.81,4.752,,4.062
402,3.7,3.74,3.81,4.754,,4.064
403,3.7,3.74,3.81,4.756,,4.066
404,3.7,3.74,3.81,4.758,,4.068
405,3.7,3.74,3.81,4.76,,4.07
406,3.7,3.74,3.81,4.762,,4.07
407,3.7,3.74,3.81,4.764,,4.07
408,3.7,3.74,3.81,4.766,,4.07
409,3.7,3.74,3.81,4.768,,4.07
410,3.7,3.74,3.81,4.77,,4.07
411,3.7,3.74,3.81,4.772,,4.07
412,3.7,3.74,3.81,4.774,,4.07
413,3.7,3.74,3.81,4.776,,4.072
414,3.7,3.74,3.81,4.778,,4.074
415,3.7,3.74,3.81,4.78,,4.076
416,3.7,3.74,3.81,4.782,,4.078
417,3.7,3.74,3.81,4.784,,4.08
418,3.7,3.74,3.81,4.786,,4.08
419,3.7,3.74,3.81,4.788,,4.08
420,3.7,3.74,3.81,4.79,,4.08
421,3.7,3.74,3.81,4.792,,4.08
422,3.7,3.74,3.81,4.795,,4.083
423,3.7,3.74,3.81,4.798,,4.086
424,3.7,3.74,3.81,4.8,,4.089
425,3.7,3.74,3.81,4.802,,4.092
426,3.7,3.74,3.81,4.805,,4.095
427,3.7,3.74,3.81,4.808,,4.098
428,3.7,3.74,3.81,4.81,,4.101
429,3.7,3.74,3.81,4.812,,4.104
430,3.7,3.74,3.81,4.815,,4.107
431,3.7,3.74,3.81,4.818,,4.11
432,3.7,3.74,3.81,4.82,,4.11
433,3.7,3.74,3.81,4.822,,4.11
434,3.7,3.74,3.81,4.825,,4.12
435,3.7,3.74,3.81,4.828,,4.12
436,3.7,3.74,3.81,4.83,,4.122
437,3.7,3.74,3.81,4.832,,4.124
438,3.7,3.74,3.81,4.835,,4.126
439,3.7,3.74,3.81,4.837,,4.128
440,3.7,3.74,3.81,4.84,,4.13
441,3.7,3.74,3.81,4.844,,4.132
442,3.7,3.74,3.81,4.849,,4.134
443,3.7,3.74,3.81,4.853,,4.136
444,3.7,3.74,3.81,4.858,,4.138
445,3.7,3.74,3.81,4.862,,4.14
446,3.7,3.74,3.81,4.867,,4.142
447,3.7,3.74,3.81,4.872,,4.143
448,3.7,3.74,3.81,4.876,,4.145
449,3.7,3.74,3.81,4.88,,4.147
450,3.7,3.74,3.81,4.885,,4.148
451,3.7,3.74,3.81,4.89,,4.15
452,3.7,3.74,3.81,4.894,,4.15
453,3.7,3.74,3.81,4.898,,4.153
454,3.7,3.74,3.81,4.903,,4.156
455,3.7,3.74,3.81,4.908,,4.159
456,3.7,3.74,3.81,4.912,,4.161
457,3.7,3.74,3.81,4.916,,4.164
458,3.7,3.74,3.81,4.921,,4.167
459,3.7,3.74,3.81,4.926,,4.17
460,3.7,3.74,3.81,4.93,,4.171
461,3.7,3.74,3.81,4.935,,4.173
462,3.7,3.74,3.81,4.941,,4.174
463,3.7,3.74,3.81,4.946,,4.176
464,3.7,3.74,3.81,4.952,,4.177
465,3.7,3.74,3.81,4.958,,4.179
466,3.7,3.74,3.81,4.963,,4.18
467,3.7,3.74,3.81,4.968,,4.182
468,3.7,3.74,3.81,4.974,,4.185
469,3.7,3.74,3.81,4.98,,4.188
470,3.7,3.74,3.81,4.985,,4.19
471,3.7,3.74,3.81,4.99,,4.192
472,3.7,3.74,3.81,4.996,,4.195
473,3.7,3.74,3.81,5.002,,4.198
474,3.7,3.74,3.81,5.007,,4.2
475,3.7,3.74,3.81,5.012,,4.202
476,3.7,3.74,3.81,5.018,,4.205
477,3.7,3.74,3.81,5.024,,4.208
478,3.7,3.74,3.81,5.029,,4.21
479,3.7,3.74,3.81,5.034,,4.212
480,3.7,3.74,3.81,5.04,,4.215
481,3.7,3.74,3.81,5.046,,4.217
482,3.7,3.74,3.81,5.053,,4.22
483,3.7,3.74,3.81,5.06,,4.231
484,3.7,3.74,3.81,5.066,,4.242
485,3.7,3.74,3.81,5.072,,4.253
486,3.7,3.74,3.81,5.079,,4.264
487,3.7,3.74,3.81,5.086,,4.275
488,3.7,3.74,3.81,5.092,,4.286
489,3.7,3.74,3.81,5.098,,4.297
490,3.7,3.74,3.81,5.105,,4.308
491,3.7,3.74,3.81,5.112,,4.319
492,3.7,3.74,3.81,5.118,,4.33
493,3.7,3.74,3.81,5.124,,4.34
494,3.7,3.74,3.81,5.131,,4.35
495,3.7,3.74,3.81,5.138,,4.36
496,3.7,3.74,3.81,5.144,,4.37
497,3.7,3.74,3.81,5.15,,4.38
498,3.7,3.74,3.81,5.157,,4.39
499,3.7,3.74,3.81,5.164,,4.4
500,3.7,3.74,3.81,5.17,,4.407
501,3.7,3.74,3.81,5.176,,4.413
502,3.7,3.74,3.81,5.183,,4.42
503,3.7,3.74,3.81,5.19,,4.427
504,3.7,3.74,3.81,5.196,,4.434
505,3.7,3.74,3.81,5.202,,4.441
506,3.7,3.74,3.81,5.209,,4.449
507,3.7,3.74,3.81,5.216,,4.456
508,3.7,3.74,3.81,5.222,,4.463
509,3.7,3.74,3.81,5.228,,4.47
510,3.7,3.74,3.81,5.235,,4.48
511,3.7,3.74,3.81,5.242,,4.488
512,3.7,3.74,3.81,5.248,,4.495
513,3.7,3.74,3.81,5.254,,4.502
514,3.7,3.74,3.81,5.261,,4.51
515,3.7,3.74,3.81,5.268,,4.52
516,3.7,3.74,3.81,5.274,,4.526
517,3.7,3.74,3.81,5.28,,4.532
518,3.7,3.74,3.81,5.287,,4.538
519,3.7,3.74,3.81,5.294,,4.544
520,3.7,3.74,3.81,5.3,,4.55
521,3.7,3.74,3.81,5.306,,4.555
522,3.7,3.74,3.81,5.312,,4.56
523,3.7,3.74,3.81,5.318,,4.565
524,3.7,3.74,3.81,5.324,,4.57
525,3.7,3.74,3.81,5.33,,4.575
526,3.7,3.74,3.81,5.336,,4.58
527,3.7,3.74,3.81,5.342,,4.585
528,3.7,3.74,3.81,5.348,,4.59
529,3.7,3.74,3.81,5.354,,4.595
530,3.7,3.74,3.81,5.36,,4.6
531,3.7,3.74,3.81,5.366,,4.605
532,3.7,3.74,3.81,5.372,,4.61
533,3.7,3.74,3.81,5.378,,4.617
534,3.7,3.74,3.81,5.384,,4.623
535,3.7,3.74,3.81,5.39,,4.63
536,3.7,3.74,3.81,5.396,,4.634
537,3.7,3.74,3.81,5.402,,4.639
538,3.7,3.74,3.81,5.408,,4.643
539,3.7,3.74,3.81,5.414,,4.648
540,3.7,3.74,3.81,5.42,,4.652
541,3.7,3.74,3.81,5.424,,4.657
542,3.7,3.74,3.81,5.428,,4.662
543,3.7,3.74,3.81,5.432,,4.666
544,3.7,3.74,3.81,5.436,,4.67
545,3.7,3.74,3.81,5.44,,4.675
546,3.7,3.74,3.81,5.444,,4.68
547,3.7,3.74,3.81,5.448,,4.684
548,3.7,3.74,3.81,5.452,,4.688
549,3.7,3.74,3.81,5.456,,4.693
550,3.7,3.74,3.81,5.46,,4.698
551,3.7,3.74,3.81,5.464,,4.702
552,3.7,3.74,3.81,5.468,,4.706
553,3.7,3.74,3.81,5.472,,4.711
554,3.7,3.74,3.81,5.476,,4.716
555,3.7,3.74,3.81,5.48,,4.72
556,3.7,3.74,3.81,5.484,,4.723
557,3.7,3.74,3.81,5.488,,4.726
558,3.7,3.74,3.81,5.492,,4.729
559,3.7,3.74,3.81,5.496,,4.732
560,3.7,3.74,3.81,5.5,,4.735
561,3.7,3.74,3.81,5.502,,4.738
562,3.7,3.74,3.81,5.505,,4.741
563,3.7,3.74,3.81,5.508,,4.744
564,3.7,3.74,3.81,5.51,,4.747
565,3.7,3.74,3.81,5.512,,4.75
566,3.7,3.74,3.81,5.515,,4.753
567,3.7,3.74,3.81,5.518,,4.756
568,3.7,3.74,3.81,5.52,,4.759
569,3.7,3.74,3.81,5.522,,4.762
570,3.7,3.74,3.81,5.525,,4.765
571,3.7,3.74,3.81,5.528,,4.768
572,3.7,3.74,3.81,5.53,,4.771
573,3.7,3.74,3.81,5.532,,4.774
574,3.7,3.74,3.81,5.535,,4.777
575,3.7,3.74,3.81,5.538,,4.78
576,3.7,3.74,3.81,5.54,,4.783
577,3.7,3.74,3.81,5.542,,4.786
578,3.7,3.74,3.81,5.545,,4.789
579,3.7,3.74,3.81,5.547,,4.792
580,3.7,3.74,3.81,5.55,,4.795
581,3.7,3.74,3.81,5.552,,4.798
582,3.7,3.74,3.81,5.553,,4.801
583,3.7,3.74,3.81,5.554,,4.804
584,3.7,3.74,3.81,5.556,,4.807
585,3.7,3.74,3.81,5.558,,4.81
586,3.7,3.74,3.81,5.559,,4.813
587,3.7,3.74,3.81,5.56,,4.816
588,3.7,3.74,3.81,5.562,,4.819
589,3.7,3.74,3.81,5.564,,4.822
590,3.7,3.74,3.81,5.565,,4.825
591,3.7,3.74,3.81,5.566,,4.828
592,3.7,3.74,3.81,5.568,,4.831
593,3.7,3.74,3.81,5.57,,4.834
594,3.7,3.74,3.81,5.571,,4.837
595,3.7,3.74,3.81,5.572,,4.84
596,3.7,3.74,3.81,5.574,,4.843
597,3.7,3.74,3.81,5.576,,4.846
598,3.7,3.74,3.81,5.577,,4.849
599,3.7,3.74,3.81,5.578,,4.852
600,3.7,3.74,3.81,5.58,,4.855
601,3.7,3.74,3.81,5.58,,4.858
602,3.7,3.74,3.81,5.58,,4.861
603,3.7,3.74,3.81,5.58,,4.864
604,3.7,3.74,3.81,5.58,,4.867
605,3.7,3.74,3.81,5.58,,4.87
606,3.7,3.74,3.81,5.58,,4.877
607,3.7,3.74,3.81,5.58,,4.884
608,3.7,3.74,3.81,5.58,,4.892
609,3.7,3.74,3.81,5.58,,4.899
610,3.7,3.74,3.81,5.58,,4.906
611,3.7,3.74,3.81,5.58,,4.913
612,3.7,3.74,3.81,5.58,,4.92
613,3.7,3.74,3.81,5.58,,4.928
614,3.7,3.74,3.81,5.58,,4.935
615,3.7,3.74,3.81,5.58,,4.942
616,3.7,3.74,3.81,5.58,,4.949
617,3.7,3.74,3.81,5.58,,4.956
618,3.7,3.74,3.81,5.58,,4.964
619,3.7,3.74,3.81,5.58,,4.971
620,3.7,3.74,3.81,5.58,,4.978
621,3.7,3.74,3.81,5.58,,4.985
622,3.7,3.74,3.81,5.58,,4.992
623,3.7,3.74,3.81,5.58,,5.0
624,3.7,3.74,3.81,5.58,,5.007
625,3.7,3.74,3.81,5.58,,5.014
626,3.7,3.74,3.81,5.58,,5.021
627,3.7,3.74,3.81,5.58,,5.028
628,3.7,3.74,3.81,5.58,,5.036
629,3.7,3.74,3.81,5.58,,5.043
630,3.7,3.74,3.81,5.58,,5.05
631,3.7,3.74,3.81,5.58,,5.055
632,3.7,3.74,3.81,5.58,,5.06
633,3.7,3.74,3.81,5.58,,5.065
634,3.7,3.74,3.81,5.58,,5.07
635,3.7,3.74,3.81,5.58,,5.075
636,3.7,3.74,3.81,5.58,,5.08
637,3.7,3.74,3.81,5.58,,5.085
638,3.7,3.74,3.81,5.58,,5.09
639,3.7,3.74,3.81,5.58,,5.095
640,3.7,3.74,3.81,5.58,,5.1
641,3.7,3.74,3.81,5.58,,5.105
642,3.7,3.74,3.81,5.58,,5.11
643,3.7,3.74,3.81,5.58,,5.115
644,3.7,3.74,3.81,5.58,,5.12
645,3.7,3.74,3.81,5.58,,5.125
646,3.7,3.74,3.81,5.58,,5.13
647,3.7,3.74,3.81,5.58,,5.135
648,3.7,3.74,3.81,5.58,,5.14
649,3.7,3.74,3.81,5.58,,5.145
650,3.7,3.74,3.81,5.58,,5.15
